"Status","Start Time","Stop Time","Duration in ms","Parent Suite","Suite","Sub Suite","Test Class","Test Method","Name","Description"
"passed","Sun Feb 21 23:06:19 CST 2021","Sun Feb 21 23:06:19 CST 2021","0","","test_calc","TestCalc","","","test_add[fifth]",""
"passed","Sun Feb 21 23:06:19 CST 2021","Sun Feb 21 23:06:19 CST 2021","1","","test_calc","TestCalc","","","test_add[third]",""
"failed","Sun Feb 21 23:06:19 CST 2021","Sun Feb 21 23:06:19 CST 2021","1","","test_calc","TestCalc","","","test_mul[third]",""
"passed","Sun Feb 21 23:06:19 CST 2021","Sun Feb 21 23:06:19 CST 2021","0","","test_calc","TestCalc","","","test_div[fifth]",""
"failed","Sun Feb 21 23:06:19 CST 2021","Sun Feb 21 23:06:19 CST 2021","0","","test_calc","TestCalc","","","test_mul[fourth]",""
"passed","Sun Feb 21 23:06:19 CST 2021","Sun Feb 21 23:06:19 CST 2021","0","","test_calc","TestCalc","","","test_add[first]",""
"passed","Sun Feb 21 23:06:19 CST 2021","Sun Feb 21 23:06:19 CST 2021","0","","test_calc","TestCalc","","","test_add[second]",""
"failed","Sun Feb 21 23:06:19 CST 2021","Sun Feb 21 23:06:19 CST 2021","0","","test_calc","TestCalc","","","test_mul[fifth]",""
"failed","Sun Feb 21 23:06:19 CST 2021","Sun Feb 21 23:06:19 CST 2021","1","","test_calc","TestCalc","","","test_add[fourth]",""
"passed","Sun Feb 21 23:06:19 CST 2021","Sun Feb 21 23:06:19 CST 2021","1","","test_calc","TestCalc","","","test_sub[third]",""
"passed","Sun Feb 21 23:06:19 CST 2021","Sun Feb 21 23:06:19 CST 2021","0","","test_calc","TestCalc","","","test_sub[first]",""
"failed","Sun Feb 21 23:06:19 CST 2021","Sun Feb 21 23:06:19 CST 2021","1","","test_calc","TestCalc","","","test_div[first]",""
"failed","Sun Feb 21 23:06:19 CST 2021","Sun Feb 21 23:06:19 CST 2021","0","","test_calc","TestCalc","","","test_div[fourth]",""
"passed","Sun Feb 21 23:06:19 CST 2021","Sun Feb 21 23:06:19 CST 2021","0","","test_calc","TestCalc","","","test_div[second]",""
"passed","Sun Feb 21 23:06:19 CST 2021","Sun Feb 21 23:06:19 CST 2021","0","","test_calc","TestCalc","","","test_mul[first]",""
"failed","Sun Feb 21 23:06:19 CST 2021","Sun Feb 21 23:06:19 CST 2021","0","","test_calc","TestCalc","","","test_mul[second]",""
"failed","Sun Feb 21 23:06:19 CST 2021","Sun Feb 21 23:06:19 CST 2021","0","","test_calc","TestCalc","","","test_sub[fourth]",""
"passed","Sun Feb 21 23:06:19 CST 2021","Sun Feb 21 23:06:19 CST 2021","0","","test_calc","TestCalc","","","test_div[third]",""
"passed","Sun Feb 21 23:06:19 CST 2021","Sun Feb 21 23:06:19 CST 2021","0","","test_calc","TestCalc","","","test_sub[fifth]",""
"failed","Sun Feb 21 23:06:19 CST 2021","Sun Feb 21 23:06:19 CST 2021","0","","test_calc","TestCalc","","","test_sub[second]",""
